Flight Data File,,,,,,,,,,,,,,,,
Test ID (TID),42,,,,,,,,,,,,,,,
Vehicle ID (VID),QC16a,,,,,,,,,,,,,,,
,,,,,,,,,,,,,,,,
,,,,,,,,,,,,,,,,
,,,,,,,,,,,,,,,,
time,modeNumber,acc1,acc2,acc3,angRate1,angRate2,angRate3,batteryVolts,motorCmds1,motorCmds2,motorCmds3,motorCmds4,pos1,pos2,pos3,isBallFlag
2017::124:12:45:00.40,1,0.048310617,-0.094599828,0.070566339,-0.00095441,0.000776002,0,0,0,0,0,0,0.144888799,0.001117229,-0.116571018,1
2017::124:12:45:00.60,2,-0.357663458,0.103914692,-9.393406626,0,0,-0.001010076,4,0,0,0,0,0.175226441,0.001958104,-0.118873848,1
2017::124:12:45:00.70,2,-0.078957976,0.055494889,-8.118515538,-0.000208738,0,0,4,0,0,0,0,0.155682763,0.000410499,-0.06416996,1
2017::124:12:45:01.60,3,-0.060033081,0.030931395,-0.026433427,-9.94E-05,1.66E-05,0.000678687,4,0,0,0,0,0.166001184,0.001496652,-0.096940825,1
2017::124:12:45:01.80,3,-0.083437794,0.634427183,0.326443133,2.21E-05,0.000341282,-0.00014713,4,0,0,0,0,0.411509681,0.001302343,-0.018907546,1
2017::124:12:45:01.90,3,0.32482173,0.965553214,-0.158071271,-0.000261391,-0.000793239,-0.000311845,4,0,0,0,0,0.388801892,0.001811269,-0.166991744,1
2017::124:12:45:02.00,3,0.544176738,0.070146043,-0.18180958,0.000377928,0.000548089,-0.000343449,4,0,0,0,0,0.442598629,0.001436361,-0.152653478,1
2017::124:12:45:02.20,3,0.328698111,-0.339774531,0.018182023,0.000966245,-2.04E-05,0.000476395,4,0,0,0,0,0.618897378,0.0001352,-0.158277661,1
2017::124:12:45:02.40,3,0.156237156,0.183206244,0.063785751,-0.001030649,0.000307073,-1.32E-05,4,0,0,0,0,0.311451209,0.000953931,-0.130022138,1
2017::124:12:45:02.50,3,0.136004137,-0.061454961,-0.020749349,-0.000129428,0.000397364,0.000284922,4,0,0,0,0,0.082215855,0.001507444,-0.017514042,1
2017::124:12:45:02.70,3,0.021832956,0.128863354,0.20808747,0.000266918,0.000172434,0.001270234,4,0,0,0,0,0.147840193,0.002009638,-0.086137044,1
2017::124:12:45:02.80,3,0.318886359,-0.086217713,0.118666761,-0.000394787,0.000423606,-1.11E-06,4,0,0,0,0,0.041685095,0.001388122,-0.1462053,1
2017::124:12:45:02.90,3,-0.028022466,-0.287542877,0.043247346,0.00035607,-0.000310627,-5.87E-05,4,0,0,0,0,0.227173075,0.001396842,-0.086146623,1
2017::124:12:45:03.10,3,-0.043974562,0.328011714,-0.041520319,0.00081682,0.00051521,-0.000128144,4,0,0,0,0,0.131737217,0.00174078,-0.131505068,1
2017::124:12:45:03.20,3,-0.117955932,0.132372553,0.003305963,0.000142829,8.71E-05,-0.000411334,4,0,0,0,0,0.178653896,0.001702707,-0.088794115,1
2017::124:12:45:03.60,3,0.045610029,-0.271977669,-0.12912114,0.001072676,0.000294419,0.002209286,4,0,0,0,0,0.422479871,0.001910114,-0.067084517,1
2017::124:12:45:03.70,3,0.502405907,0.010510831,-0.312863435,0.000589423,-0.002063647,0.000267563,4,0,0,0,0,0.080793732,0.000866173,-0.182786514,1
2017::124:12:45:03.80,3,-0.767876266,0.195331119,-0.036624073,0.000214807,0.000430565,-0.00260898,4,0,0,0,0,0.043641091,0.001030684,-0.046233547,1
2017::124:12:45:03.90,3,-0.09422226,-0.905739364,-0.315700463,-0.002237752,0.000230763,0.001080113,4,0,0,0,0,0.028198235,0.000167724,-0.024536151,1
2017::124:12:45:04.00,3,-0.029523535,0.15225415,0.019109608,-0.000896908,-0.001158808,0.002205308,4,0,0,0,0,0.344172059,5.71E-05,-0.01826487,1
2017::124:12:45:04.20,3,0.065212445,0.014681515,0.059816498,0.000134541,-0.000349841,-0.000220864,4,0,0,0,0,0.363971222,0.000359556,-0.1706237,1
2017::124:12:45:04.30,3,0.279112725,0.352205602,-0.188844284,-0.000813357,0.001172872,-1.87E-05,4,0,0,0,0,0.33026544,0.002119368,-0.205143244,1
2017::124:12:45:04.39,3,-0.343160372,0.092096313,-0.032352919,-7.62E-05,0.000226054,0.000432108,4,0,0,0,0,0.400161486,0.000537457,-0.041857688,1
2017::124:12:45:04.50,3,0.228910825,-0.205328326,0.267885315,0.000222682,-0.00078678,0.001249457,4,0,0,0,0,0.253196121,0.000171507,-0.165491148,1
2017::124:12:45:04.60,3,-0.066827479,0.015138858,-0.038323922,-0.000371283,0.000561128,-0.000294158,4,0,0,0,0,0.162399938,0.001526701,-0.005632904,1
2017::124:12:45:04.70,3,1.321139518,-0.018052851,0.10587216,0.000330397,-0.000349158,0.000104987,4,0,0,0,0,0.378520622,0.000191423,-0.024222037,1
2017::124:12:45:04.80,3,-0.077017786,0.081899561,0.00791509,0.000209111,1.31E-05,0.000405178,4,0,0,0,0,0.393169114,0.00014112,-0.039694623,1
2017::124:12:45:05.00,3,0.044457695,-0.345600774,-0.116448235,-0.001284328,-0.00135264,-0.000153434,4,0,0,0,0,0.145325408,4.67E-06,-0.116923304,1
2017::124:12:45:05.10,3,-0.012354551,-0.01849237,0.036231148,-0.000110465,0.000134456,0.00118463,4,0,0,0,0,0.179393715,0.000356066,-0.006630552,1
2017::124:12:45:05.60,3,-0.013506495,0.286078576,-0.249692885,-0.000904537,0.000368651,-0.000486298,4,0,0,0,0,0.377521165,0.001169488,-0.131833096,1
2017::124:12:45:05.70,3,-0.01731628,-0.05199816,-0.143420517,-0.00061084,-0.000157552,-0.000251222,4,0,0,0,0,0.469829816,0.001310539,-0.048975494,1
2017::124:12:45:05.80,3,0.105755627,-0.210994437,-0.23526403,0.000361209,1.51E-05,-0.000156121,4,0,0,0,0,0.549481605,1.12E-05,-0.149006661,1
2017::124:12:45:05.90,3,0.055860189,0.270015647,-0.117916786,0.000731502,0.000143733,0.00242173,4,0,0,0,0,0.556402687,0.000799573,-0.208657105,1
2017::124:12:45:06.00,3,0.310642735,0.2033836,0.065046173,4.41E-05,-0.000481735,-0.000345953,4,0,0,0,0,0.048511024,0.001236548,-0.034779683,1
2017::124:12:45:06.30,3,0.269241578,-0.504380554,0.264241459,-0.000198257,-0.000680561,1.71E-05,4,0,0,0,0,0.494959312,0.001340953,-0.135389337,1
2017::124:12:45:06.40,3,-0.370174751,-0.000411481,-0.273939443,-0.000356232,0.00017554,-0.001289031,4,0,0,0,0,0.195614015,1.05E-05,-0.209980581,1
2017::124:12:45:07.00,3,-0.484589951,-0.042522058,-0.032669569,0.000886043,9.57E-05,-0.000101463,4,0,0,0,0,0.462955633,0.000697366,-0.167043733,1
2017::124:12:45:07.30,3,0.178148575,-0.208146416,0.103978276,-8.43E-05,0.000274594,-0.000223221,4,0,0,0,0,0.070470208,0.001794823,-0.137208059,1
2017::124:12:45:07.40,3,0.206000005,-0.013697413,0.070877308,0.000159377,6.04E-06,-0.000513296,4,0,0,0,0,0.030433186,0.000846072,-0.178533056,1
2017::124:12:45:08.20,4,-0.456679935,-0.184488782,0.309084672,-0.000665709,0.000145125,0.00040377,4,200,200,200,200,0.518240607,0.001224698,-0.025894498,1
2017::124:12:45:08.30,4,-0.668305106,-0.066017863,-0.010654613,-0.013082258,-0.006622412,-0.011897746,4,200,200,200,200,0.47056532,0.002234294,-0.078044377,1
2017::124:12:45:08.40,4,-0.599343695,0.29643128,-0.280499501,-0.002383082,-0.000572485,-0.000542627,4,200,200,200,200,0.538014548,0.000239678,-0.172452845,1
2017::124:12:45:08.50,4,-0.237650135,0.404742992,0.02138863,0.001565774,0.000372068,0.000475944,4,200,200,200,200,0.259054018,0.000683281,-0.190941633,1
2017::124:12:45:08.70,4,-0.134892801,-0.747315694,-0.011288528,-0.000541689,-0.000589305,0.001865306,4,200,200,200,200,0.043453016,0.001073065,-0.003382566,1
2017::124:12:45:08.80,4,0.227449443,0.37450287,0.243334292,-0.003606394,-0.003812823,-0.004359415,4,200,200,200,200,0.595516188,0.000505231,-0.006122218,1
2017::124:12:45:09.00,5,0.041637025,-0.009704923,0.156006148,-0.000329892,0.000109717,0.000106594,4,200,200,200,200,0.161564728,0.000514952,-0.199844206,1
2017::124:12:45:09.20,6,-0.493995727,-0.100278125,-2.834535442,-0.01464095,0.003257511,-0.000595063,4,573.71,571.49,574.56,571.25,0.297379967,3.61E-05,-0.14931309,1
2017::124:12:45:09.40,6,-0.216232137,0.128671159,0.272535866,-0.006235233,0.021991594,0.00032882,4,551.49,552.44,551.41,552.99,0.200224566,8.96E-05,-0.033368177,1
2017::124:12:45:09.90,7,0.262904235,0.299181615,0.157996607,0.017981047,-0.024292759,0.001255415,4,558.1,585.44,558.97,585.39,0.229633999,0.017385566,0.017042461,1
2017::124:12:45:10.20,7,-0.044681192,-0.135015202,0.467536978,0.001526612,0.005885996,0.000407757,4,572.51,571.74,571.7,572.05,0.438282758,0.016273471,0.002456505,1
2017::124:12:45:10.40,7,-0.300166047,0.005969642,-0.01584255,-0.001040232,-0.02506957,-0.004922783,4,583.04,569.72,584.53,568.84,0.546975116,0.010829192,0.000993591,1
2017::124:12:45:10.60,7,0.127486515,-0.08137045,-0.117426771,-0.073590503,-0.004377978,0.002900963,4,587.54,597.82,588.13,598.26,0.294783644,0.020191831,-0.007341723,1
2017::124:12:45:11.00,7,0.132156471,-2.502407801,-0.009263428,0.013845244,0.000753721,-0.006132698,4,601.76,577.31,601.14,578.49,0.612640888,0.007456874,-0.070036652,1
2017::124:12:45:11.30,7,-0.12079355,0.115284412,-0.050707982,-0.013424236,0.018349326,0.011967515,4,573.47,593.05,572.28,591.4,0.578250038,0.005779733,-0.036102199,1
2017::124:12:45:11.60,7,-0.10842331,0.087904105,0.215385998,-0.016859229,-0.004951559,0.000835879,4,579.66,582.55,578.59,582.77,0.183520611,0.000208066,-0.009448114,1
2017::124:12:45:11.80,7,-0.018337364,0.35806115,0.002898679,0.034719255,-0.024954318,0.001095017,4,574.46,580.03,573.11,581.02,0.035065383,0.012573103,-0.005129567,1
2017::124:12:45:11.90,7,0.021523486,-0.437466609,0.121592988,0.041654176,-0.008485414,-0.008640651,4,589.11,572.5,591.3,573.6,0.133369678,0.013580707,-0.021852611,1
2017::124:12:45:12.20,7,-0.260473815,-0.219889645,0.400602657,-0.039266417,0.021773123,-0.009688607,4,579.25,563.73,579.73,562.91,0.564094768,0.016352809,0.001596849,1
2017::124:12:45:12.30,7,0.276832965,0.05727211,0.757701632,-0.004715004,0.000550499,0.00426094,4,568.16,578.39,567.23,577.82,0.377087165,0.010612,0.006258367,1
2017::124:12:45:12.60,7,0.779034105,0.061050329,0.17536394,0.01937687,-0.041918246,0.006306418,4,569.28,583.69,568.97,583.8,0.5427953,0.014541628,0.004380493,1
2017::124:12:45:12.70,7,-0.169377801,0.055328017,-0.262988216,0.030299298,-0.055105376,-0.005096401,4,587.05,575.4,587.45,576.09,0.553782129,0.007796853,0.011586468,1
2017::124:12:45:12.80,7,0.290260149,1.000505261,0.326743678,0.00099788,0.000447413,0.00880882,4,557.52,602.35,558.44,601.17,0.530769549,0.015471994,0.005657101,1
2017::124:12:45:13.00,7,0.381417999,0.197556254,0.254242279,-0.013046257,0.017713188,0.000854982,4,573.42,585.51,573.95,585.64,0.251628556,0.007626914,0.005980301,1
2017::124:12:45:13.10,7,-0.669737084,-0.455866083,-0.007700257,-0.005444536,0.024185089,-0.013222443,4,588.03,562.22,587.01,562.26,0.029435311,0.058415448,0.054260484,1
2017::124:12:45:13.20,7,-0.257286222,0.31892976,0.010013928,0.004014535,0.01000447,0.006016566,4,559.84,569.41,558.94,569.04,0.146001226,0.027962623,0.086572279,1
2017::124:12:45:13.30,7,0.27833531,-0.039945646,0.240122571,0.002652945,0.008182514,-0.001756739,4,559.57,555.19,559.77,555.4,0.008525712,0.052472386,0.059118302,1
2017::124:12:45:13.70,7,-0.108042564,0.260163112,0.557158224,-0.00796751,-0.004687512,-0.001471998,4,574.8,566.54,574.92,566.01,0.527067709,0.01945201,0.123952413,1
2017::124:12:45:13.80,7,0.022397904,1.515253641,0.033735689,-0.028167216,0.001384339,0.003777812,4,565.69,580.87,565.46,580.35,0.089400045,0.009634173,0.15362278,1
2017::124:12:45:13.90,7,-0.02832432,-0.438676532,-0.201944397,-0.027953869,-0.018479072,-0.008170098,4,587.85,557.59,587.35,558.53,0.187760549,0.03247222,0.163250001,1
2017::124:12:45:14.10,7,0.727156884,-0.000962414,0.481829963,0.025863545,-0.018567678,0.001458835,4,574.82,577.93,576.06,578.74,0.126620352,0.009728602,0.078490425,1
2017::124:12:45:14.30,7,0.011973763,-0.016947691,-0.015371753,0.008760371,0.004649761,-0.001244201,4,579.26,577.59,579.24,576.57,0.14481435,0.021032179,0.002186772,1
2017::124:12:45:14.40,7,0.077769121,-0.00084704,0.161110533,0.020361684,-0.02448967,-0.006509741,4,586.15,570.36,585.99,570.54,0.52637677,0.003394981,0.013048369,1
2017::124:12:45:14.50,7,-0.125181476,-0.023837119,0.227050548,0.032915328,-0.006149317,-0.003444518,4,589.84,572.62,589.64,574.15,0.176362747,0.161514669,0.098488068,1
2017::124:12:45:14.70,7,0.064604003,-0.117886005,0.024861791,0.081067556,0.0003709,-0.005645571,4,584.44,576.06,585.58,576.59,0.421872013,0.22730885,0.07783758,1
2017::124:12:45:14.80,7,0.155891955,-0.025573542,0.139687915,0.000578914,0.048635201,0.00391017,4,580.59,590.2,582.47,589.2,0.553227755,0.241555889,0.024182162,1
2017::124:12:45:15.20,7,-0.49452016,0.052173043,-0.305387507,-0.113551144,-0.007759267,-0.00828865,4,582.08,563.1,581.61,564.23,0.491228144,0.090729546,0.001620863,1
2017::124:12:45:15.60,7,-0.305187941,-0.971003595,-0.012999211,0.034766424,0.012743687,0.001628236,4,576.01,578.12,574.43,579.04,0.13768101,0.000206941,0.086125962,1
2017::124:12:45:15.90,7,0.305251211,0.101930428,0.19655996,0.033967716,0.028861852,0.019581377,4,563.28,596.35,562.94,594.39,0.398738415,0.036302103,0.037469594,1
2017::124:12:45:16.00,7,0.051233823,0.006049172,-0.180886767,-0.000283296,-0.009374503,-0.005500345,4,585.3,575.31,586.71,575.97,0.134572836,0.210597876,0.004461942,1
2017::124:12:45:16.50,7,0.122390372,0.32525984,0.696598307,-0.045303183,0.003476832,0.014003532,4,557.63,590.07,555.58,590.06,0.075362668,0.027619525,0.055235984,1
2017::124:12:45:16.70,7,0.57589286,0.100178915,0.131949167,0.001518015,0.02741013,0.000898871,4,579.2,581.43,578.42,581.73,0.400313423,0.220315136,0.017673534,1
2017::124:12:45:16.80,7,-0.182987276,0.608728085,1.047097716,0.088976253,0.01850811,0.019550322,4,563.65,592.52,562.55,592.04,0.399380599,0.000123301,0.038423904,1
2017::124:12:45:16.90,7,0.285900624,0.151408118,0.404196046,0.06072913,-0.028232776,0.001317037,4,572.56,583.45,571.81,582.73,0.241709061,0.025798864,0.023946119,1
2017::124:12:45:17.20,7,0.559463193,-0.056261034,-0.218613992,0.034056001,0.001607684,0.0005454,4,578.02,588.94,579.16,588.3,0.239856009,0.258058786,0.011329476,1
2017::124:12:45:17.30,7,-0.092093935,0.707350604,0.009341923,0.013307539,0.019173426,0.006385791,4,573.18,589.91,574.84,588.78,0.077495843,0.04365496,0.015448801,1
2017::124:12:45:17.50,7,-0.284570163,1.670111922,0.163038265,-0.080169164,0.026995531,0.011068226,4,567,590.17,567.8,588.54,0.19989798,0.024612183,0.021603482,1
2017::124:12:45:17.60,7,-0.349156638,0.328354866,0.011947676,-0.088605869,0.007370598,-0.000148863,4,579.57,575.54,578.48,575.03,0.486681267,0.137456114,0.03082958,1
2017::124:12:45:17.70,7,0.019151047,0.099851144,-0.033395576,-0.003872691,-0.007326424,2.25E-05,4,578.53,579.19,577.52,579.2,0.102152977,0.081990854,0.015523731,1
2017::124:12:45:17.90,7,0.114746107,-0.090012631,2.528560267,-0.048964222,-0.015670909,0.015785636,4,562.88,594.13,562.75,593.32,0.211574655,0.025426409,0.013984863,1
2017::124:12:45:18.10,7,0.024255872,-0.040050755,-0.682632687,-0.026045184,-0.000791226,-0.008305305,4,590.88,566.06,590.04,568.06,0.01711551,0.058774403,0.035100965,1
2017::124:12:45:18.40,7,-0.139233396,-0.332046225,0.263991762,0.060881931,-0.002026698,0.000280442,4,573.42,583.63,573.43,583.24,0.406911789,0.013817718,0.062984479,1
2017::124:12:45:18.50,7,0.067510468,0.429605223,1.59880955,0.004973885,0.000964214,0.006173386,4,561.4,596.23,562.34,595.4,0.321984275,0.002231973,0.050520775,1
2017::124:12:45:19.60,7,-0.903855988,-0.373062536,-0.106883546,0.002469063,-0.043301153,-0.00498722,4,600.49,555.84,599.87,556.14,0.098347928,-0.001873084,0.030244402,1
2017::124:12:45:20.00,7,0.896612751,-0.125050282,-0.228735889,0.007431687,0.017537655,0.001656595,4,581.94,587.16,583.97,588.75,0.635350339,0.004549377,0.031065986,1
2017::124:12:45:20.10,7,0.567769276,-0.049671825,-0.024507385,0.042098393,0.108115137,-0.006366203,4,583.7,573.34,585.78,572.42,0.153056247,0.002044029,0.011974104,1
2017::124:12:45:20.20,7,0.981457612,0.401183122,0.658719943,-0.007355643,0.228234456,0.014786548,4,547.2,597.41,547.74,594.55,0.532891012,-0.001880024,0.012928643,1
2017::124:12:45:20.30,7,0.142657257,1.272987338,0.071992964,-0.11228366,0.118356267,0.013772079,4,555.76,579.96,556.04,577.78,0.445268048,-0.006679243,0.031064906,1
2017::124:12:45:20.50,7,-0.265979974,0.074426122,-0.103815502,-0.187113165,0.013748432,0.009107058,4,553.54,574.23,552.34,573.57,0.688179155,-0.002843268,0.062898388,1
2017::124:12:45:20.80,7,-0.195501333,-0.252830776,0.635533694,0.022673036,-0.032490399,-0.010019715,4,579.22,549.33,577.67,551.08,0.470572627,-0.080245952,0.152127442,1
2017::124:12:45:20.90,7,0.093447777,-1.140564408,-0.134975094,0.143904796,-0.052236303,0.004109116,4,566.52,573.99,566.97,574.34,0.525052878,-0.039407924,0.110439316,1
2017::124:12:45:21.20,7,1.007589882,0.296075123,0.28587776,0.049557198,0.101800631,0.007777556,4,562.24,584.11,564.2,583.11,0.024235206,-0.075545853,0.002173844,1
2017::124:12:45:21.30,7,-0.53076579,0.011915935,-0.109698407,-0.004496552,0.044346338,-0.017415934,4,589.18,560.73,589.62,559.65,0.221884779,-0.060732512,0.151218968,1
2017::124:12:45:21.60,7,-0.399801136,0.390344942,0.650772506,-0.067779512,-0.011017823,-0.003511265,4,578.22,572.77,578.29,572.09,0.088456747,-0.024800765,0.076546345,1
2017::124:12:45:21.70,7,0.298483959,0.426255958,0.655287999,-0.031857127,-0.024226586,0.009566055,4,566.33,601.74,566.47,601.02,0.15482964,-0.010690379,0.022252078,1
2017::124:12:45:21.80,7,0.343483296,0.047479132,0.001445099,-0.10345196,-0.010083234,0.007548701,4,575.42,595.84,573.72,597.07,0.551691588,-0.046624123,0.002356216,1
2017::124:12:45:21.90,7,1.838319911,0.193242228,0.48761455,0.023919769,0.004351829,0.026831413,4,555.79,614.43,555.38,614.35,0.583839511,-0.014543107,0.064607101,1
2017::124:12:45:22.40,7,6.16E-05,0.023451878,0.093073118,0.009380021,0.061130153,0.000661318,4,567.68,586.79,567.99,585.71,0.596469067,-0.050065547,0.074368006,1
2017::124:12:45:22.50,7,-0.065140197,0.264162451,0.698182297,-0.01367789,0.017868199,-0.000451427,4,579.96,577.63,580.49,577.35,0.372656101,-0.012234586,0.054795263,1
2017::124:12:45:22.70,7,-0.709069256,-0.134543901,-0.070334598,-0.001767372,-0.022882483,-0.003782579,4,580.08,572.72,579.42,572.17,0.216792452,-0.012896665,0.03966035,1
2017::124:12:45:22.80,7,0.718581782,-0.195412725,-0.03795268,-0.056413528,-0.070153378,-0.000512223,4,575.6,569.67,575.01,571.47,0.123763705,-0.030704473,0.049994949,1
2017::124:12:45:22.90,7,-0.283351406,0.619104184,0.383796578,0.015663632,0.013302284,0.007990576,4,562.79,591.98,564.49,593.02,0.29098939,-0.015554891,0.064958201,1
2017::124:12:45:23.20,7,-0.468252874,0.265124044,-0.198783928,0.004673519,0.069732515,0.000264027,4,585.11,586.83,585.06,584.97,0.366018358,-0.005810177,0.002217171,1
2017::124:12:45:23.30,7,-0.11418223,-0.528796336,-0.013728866,-0.033406558,0.02684524,-0.005390282,4,593.44,585.78,593.71,584.38,0.336800147,-0.005605979,-0.001012509,1
2017::124:12:45:23.70,7,-0.324044391,-0.167942754,-0.0312831,-0.000638837,-0.03722234,-0.002424509,4,599.17,594.63,598.51,595.3,0.045018349,0.001803778,-0.087479823,1
2017::124:12:45:23.80,7,-0.288508247,-0.502369801,-0.229220585,0.024340622,-0.040400462,0.002373888,4,588.77,598.21,588.47,599.31,0.05560583,0.012830481,-0.039630116,1
2017::124:12:45:24.10,7,0.038913505,0.212848097,0.558774951,0.0736863,0.026377719,-0.000986814,4,583.18,579.29,584.05,578.6,0.230198938,0.042838016,-0.038708429,1
2017::124:12:45:24.30,7,0.326847525,0.409474777,0.225950924,-0.027706887,0.005213729,-0.002639294,4,585.77,575.14,586.6,574.03,0.276617481,0.015914136,-0.027896716,1
2017::124:12:45:25.00,7,-0.021548025,0.816198532,0.009213121,0.016461214,-0.019122964,0.002938712,4,572.96,578.74,573.81,579.27,0.023367305,0.030848832,-0.002427685,1
2017::124:12:45:25.10,7,-0.244877459,-0.485288573,-0.060437233,-0.01613435,0.002392214,-0.007219423,4,589.39,572.26,590.83,573.33,0.326925785,0.028688627,0.002259411,1
2017::124:12:45:25.30,7,0.108304691,-0.785206838,-0.047148495,-0.016546326,0.023801923,-0.001434039,4,579.85,572.33,579.02,572.44,0.210195218,0.042389878,0.013172637,1
2017::124:12:45:25.50,7,0.763379355,0.195321324,1.295981613,-0.030568527,0.01075871,-0.00137096,4,577.76,573.89,576.58,572.54,0.409146,0.050549982,0.009544855,1
2017::124:12:45:25.60,7,-0.700713306,0.347961406,-0.118235514,-0.020441831,-0.000841414,0.010505726,4,564.37,592.09,563.7,591.11,0.10292902,0.002926813,0.019049242,1
2017::124:12:45:26.20,7,0.740689146,0.28726501,0.113978126,0.05704369,0.059650138,0.003045965,4,559.64,598.05,560.74,596.97,0.231037428,0.004071244,0.009087132,1
2017::124:12:45:26.40,7,0.220291567,-0.577963853,-0.070039359,-0.06913924,0.053274197,0.000197785,4,577.33,579.3,577.22,577.79,0.000761012,0.060007988,0.029022172,1
2017::124:12:45:26.80,7,0.089775954,0.483238263,0.181276904,-0.000888865,-0.010545821,0.001520781,4,575.31,578.47,574.52,579.21,0.07851725,0.030230283,0.001377177,1
2017::124:12:45:27.20,7,0.020427359,0.127912197,-0.393485388,0.052995068,-0.000135019,-0.003667337,4,596.94,569.98,598.46,570.5,0.086463665,0.043008962,0.036683046,1
2017::124:12:45:27.50,7,0.18509852,0.880715053,0.029753142,-0.002276685,0.057731425,0.003293808,4,571.42,580.85,571.35,579.78,0.047729059,0.024956189,0.034263086,1
2017::124:12:45:27.60,7,-0.10778467,0.156226633,-0.037293058,-0.072075312,0.001224817,-0.017113171,4,587.36,558.93,586.75,558.5,0.373310659,0.064588711,0.054240018,1
2017::124:12:45:27.70,7,0.395040831,0.591945587,0.19682095,-0.043120128,-0.025103096,0.003520061,4,564.34,581.22,564.64,580.33,0.441709382,0.080848889,0.000693064,1
2017::124:12:45:28.20,7,-0.070674648,-1.015716158,-0.012082785,0.004397115,0.000737242,-4.45E-05,4,578.31,573.7,578.63,573.79,0.436011299,0.080023344,0.02425715,1
2017::124:12:45:28.30,7,-0.671916342,0.029128802,0.073419074,0.020171389,0.019558286,0.002449745,4,574.1,581.39,574.29,580.43,0.353075714,0.065512214,0.000476115,1
2017::124:12:45:28.40,7,0.029682359,0.065803734,-0.329743213,0.015224135,-0.011391728,-2.20E-05,4,582.86,569.16,583.3,568.12,0.252215164,0.046141554,0.039101278,1
2017::124:12:45:28.50,7,0.738299311,-0.075398592,0.0744236,-0.003438997,-0.003563406,0.000861081,4,577.08,580.4,578.43,580.06,0.185081409,0.030390488,0.018821682,1
2017::124:12:45:28.60,7,0.811709204,0.217988066,0.252852035,-0.043108125,0.010390062,0.0055968,4,572.73,589.09,573.35,587.91,0.110844362,0.049786613,0.005672182,1
2017::124:12:45:28.70,7,0.100824135,0.453600763,0.037015764,-0.065621512,0.009494721,0.000114189,4,580.15,583.28,580.56,583.14,0.11920418,0.070018664,0.00931574,1
2017::124:12:45:28.80,7,-0.036450294,0.018491314,-0.008655722,-0.115786601,0.003608381,-0.004458878,4,589.84,572.91,589.34,574.04,0.397617835,0.04587944,0.002268125,1
2017::124:12:45:28.90,7,0.050850801,-0.343068709,1.024440781,-0.031684513,0.006394513,-0.004562336,4,586.29,577.94,586.23,578.62,0.206157065,0.006380739,0.008206303,1
2017::124:12:45:29.10,7,-0.191244239,-1.55588617,0.350456126,0.007888269,-0.000387806,-0.006675228,4,593.32,569.15,593.59,569.75,0.274111823,0.041909235,0.020334076,1
2017::124:12:45:29.40,7,-0.652612732,1.138148268,-0.630162694,0.022163631,-0.022141764,-0.000181799,4,578.7,574.2,578.46,573.7,0.469459082,0.024379365,0.014714283,1
2017::124:12:45:29.50,7,-0.018345559,-0.086290628,-0.00828462,0.003416133,-0.000741529,-0.003770289,4,581.4,577.09,585.74,577.02,0.29161817,0.011900279,0.02559506,1
2017::124:12:45:29.70,7,0.431934473,0.306799173,0.219373093,-0.187981938,0.234545623,0.016021168,4,557.09,599.97,556.72,598.73,0.197686407,-0.016079801,0.045592142,1
2017::124:12:45:29.80,7,-0.282582416,-1.478177417,-0.241469042,-0.021970433,0.076606614,-0.02130342,4,603.26,550.67,601.29,551.35,0.386803498,-0.067449719,0.023288906,1
2017::124:12:45:29.90,7,-0.74510535,0.209649177,-0.105898982,-0.060011982,0.0273883,0.001539248,4,573.21,575.46,570.24,574.98,0.214690894,-0.00167122,0.034958777,1
2017::124:12:45:30.09,7,-0.758039615,-0.029732735,-0.080280055,0.061748141,-0.017534361,-0.000394937,4,581.09,576.81,578.93,577.22,0.042184732,-0.105862749,0.016812582,1
2017::124:12:45:30.29,7,-0.076204164,-0.396628744,0.339722905,0.081369418,-0.054909889,0.004851321,4,577.64,587.85,577.61,588.59,0.268399379,-0.029010753,0.026149892,1
2017::124:12:45:30.40,7,0.336558833,-0.053227454,0.620970766,0.104506822,-0.03705695,0.013719335,4,567.83,594.84,567.76,594.39,0.05040412,-0.067739095,0.004086553,1
2017::124:12:45:30.50,7,0.090738539,0.194169181,-0.059718378,0.081656762,-0.039024077,0.002278633,4,572.85,600.1,575.85,599.8,0.068520124,-0.053819332,-0.012589928,1
2017::124:12:45:30.79,7,-0.294881064,0.322814006,0.000695236,0.015686071,0.009071205,0.010756707,4,585.74,605.65,586.21,603.61,0.170565124,-0.022523288,-0.012745495,1
2017::124:12:45:31.09,7,-0.506923499,-0.238890343,-0.16834064,-0.032199514,-0.005000617,0.000156188,4,588.32,586.59,586.54,587.15,0.242942562,-0.015738051,-0.019985499,1
2017::124:12:45:31.20,7,-0.679616697,-0.703371736,-0.0836295,-0.026056385,-0.069310437,-0.015461593,4,594.34,568.85,595.16,569.96,0.301138892,-0.005848208,-0.021594439,1
2017::124:12:45:31.29,7,0.014791635,0.195859479,0.382518813,0.000955319,0.021000023,0.020397115,4,563.14,598.97,563.42,598.33,0.14347391,-0.019122153,-0.059309596,1
2017::124:12:45:31.50,7,0.584312907,1.278429639,0.247629467,0.021101466,0.041599771,0.003822051,4,564.1,599.22,564.25,597.76,0.35339106,-0.000279168,-0.020215057,1
2017::124:12:45:31.90,7,-0.948401588,-0.68375587,-0.287262841,0.007313317,-0.050135435,-0.014448341,4,603.84,556.81,604.58,558.53,0.021288299,0.001896073,-0.032494819,1
2017::124:12:45:32.20,7,-0.219791313,-0.344364492,-0.421930638,-0.011250151,0.002473137,-0.000639295,4,594.57,563.36,594.41,564.37,0.255084152,0.001600685,-0.003209277,1
2017::124:12:45:32.70,7,0.291265069,0.591362067,1.34586046,0.042265579,-0.016630989,0.006572237,4,560.51,594.3,562.06,594.05,0.0266955,0.007149117,0.01100694,1
2017::124:12:45:32.80,7,-0.385827298,-0.182569541,-0.78919418,0.000484248,-0.000501901,-0.0171976,4,596.87,565.99,596.68,566.96,0.024054658,0.025546625,0.023686622,1
2017::124:12:45:32.90,7,-0.018354883,0.712117318,-0.117296333,0.019975156,-0.001554033,-0.005411423,4,584.35,574.34,581.77,574.14,0.369590245,0.034644328,0.026016241,1
2017::124:12:45:33.20,7,0.090181372,0.215871873,-0.79793191,0.017935645,-0.04728405,-0.000152313,4,575.46,573.01,576.8,573.44,0.261894253,0.109118843,0.005771016,1
2017::124:12:45:33.59,7,0.00080616,-0.026339872,0.315650301,-0.012934959,0.019305022,-0.004225276,4,565.9,548.05,565.56,548.16,0.329171805,0.031481543,0.099160896,1
2017::124:12:45:33.70,7,0.043776823,0.499209357,0.004192089,-0.026017404,0.102406854,0.000976721,4,555.11,557.47,555.89,557.6,0.298625694,0.192695237,0.095400451,1
2017::124:12:45:34.00,7,-0.152458152,-0.13107708,0.107769345,-0.063048525,0.004177499,0.005061726,4,559.78,566.89,557.55,567.02,0.316482803,0.156309111,0.01672587,1
2017::124:12:45:34.20,7,-0.043369242,-0.889587527,-0.102746094,0.006441312,-0.030305021,-0.002106182,4,580.29,575.41,580.66,575.71,0.579270398,0.041001098,0.058530882,1
2017::124:12:45:34.30,7,0.366753731,-0.04003917,0.162774523,0.027162194,-0.028938027,0.000227203,4,577.26,587.97,575.98,588.38,0.206858825,0.018160664,0.103505229,1
2017::124:12:45:34.50,7,0.006265268,0.48935164,0.190821234,0.040872208,-0.031616384,0.020464579,4,566.15,605.95,567.39,605.01,0.578824404,0.106904339,0.06468073,1
2017::124:12:45:34.59,7,-0.05845818,-0.245478816,-0.627401457,0.054325638,-0.014554352,-0.006367019,4,603.07,571.01,604.48,571.96,0.207564955,0.124020867,0.011723674,1
2017::124:12:45:34.70,7,-0.158006851,-0.212150779,0.175315146,0.006395771,0.00653457,-0.000703355,4,596.69,578.08,596.63,578.46,0.104904184,0.054731008,0.024676712,1
2017::124:12:45:34.80,7,0.036744817,0.398227455,0.152691176,0.016620373,0.07428843,0.015972679,4,566.3,602.2,567.47,600.1,0.051168703,0.026926121,0.04074714,1
2017::124:12:45:35.20,7,-0.483771382,-0.553117538,0.377229551,-0.082315211,0.030593559,0.002176724,4,564.96,582.3,561.91,582.38,0.509475017,0.032769429,0.025283502,1
2017::124:12:45:35.30,7,-0.00912934,-0.12181588,0.074044629,0.028742428,-0.020268091,0.001742605,4,571.59,574.68,570.81,575.08,0.140719352,0.055337834,0.034262598,1
2017::124:12:45:35.59,7,-0.176105324,0.35605815,-0.026648746,0.047367833,-0.036402912,-0.002445157,4,592.02,580.05,592.19,580.44,0.296670644,0.018792361,0.009928544,1
2017::124:12:45:35.70,7,0.01067358,0.547132742,-0.024939031,0.053435676,-0.001202206,0.014154836,4,566.4,599.44,566.94,598.84,0.261001534,0.093767916,0.044186028,1
2017::124:12:45:35.80,7,0.63684672,0.045485262,-0.473315892,0.048573669,0.001140031,-0.002890196,4,589.2,578.71,590.84,578.77,0.16226401,0.021345163,0.017497327,1
2017::124:12:45:36.09,7,0.011692907,-0.021420978,0.191353953,-0.046991846,0.002256487,-0.001839066,4,578.35,574.54,577.93,574.06,0.032082889,0.046342791,0.0443033,1
2017::124:12:45:36.20,7,-0.256048972,0.133495378,0.038398284,-0.13038824,-0.0121722,-0.001239713,4,578.24,576.13,578.36,576.25,0.094482217,0.031858355,0.034919121,1
2017::124:12:45:36.30,7,-0.233887259,0.50723317,0.423750541,-0.046647951,-0.007594868,0.001795641,4,571.44,585.02,571.03,585.13,0.312590828,0.029332629,0.01233039,1
2017::124:12:45:36.50,7,1.203310022,-0.001243533,-0.006791851,0.005958525,-0.027982457,0.013864661,4,562.83,588.7,563.06,589.36,0.197947868,0.018230841,0.038742085,1
2017::124:12:45:36.59,7,0.275507106,0.066143949,1.153558795,0.068141485,0.017076619,0.018917831,4,558.96,597.13,558.04,596.77,0.178081496,0.068831948,0.018062468,1
2017::124:12:45:36.70,7,-0.204062533,0.155790584,-0.198715589,0.020806794,0.002708587,0.000831219,4,574.16,582.8,575.24,581.47,0.040629497,0.046637177,0.02781613,1
2017::124:12:45:37.00,7,-0.071154565,0.044401784,-0.11610307,0.030204837,0.01651767,0.009870547,4,569.12,583.73,568.65,583.1,0.517176171,0.00699948,0.003681178,1
2017::124:12:45:37.09,7,-0.389221942,0.374342885,-0.189574742,0.007630318,-0.003264836,0.004367059,4,574.04,583.12,574.29,581.72,0.213872765,0.057270678,0.039044225,1
2017::124:12:45:37.40,7,0.395477129,1.131575245,-0.199628943,-0.040403264,0.015593819,-0.000267186,4,583.67,582.43,582.47,582.74,0.236833707,0.0031918,0.0219556,1
2017::124:12:45:37.50,7,0.607526381,0.121515832,0.134060126,-0.018643877,0.011555293,0.000462395,4,573.32,588.93,572.95,589.27,0.523153834,0.039822474,0.007170035,1
2017::124:12:45:37.59,7,-0.021162982,0.042554481,-0.007906811,-0.004597973,0.002206406,-0.011847637,4,595.05,565.71,594.55,566.66,0.015148088,0.012970441,0.041822332,1
2017::124:12:45:38.00,7,0.079354533,0.643778462,0.26860745,0.032843481,-0.022919481,0.004257949,4,572.79,581.37,573.06,580.77,0.27844104,0.039088597,0.051696835,1
2017::124:12:45:38.09,7,0.475032625,-0.772937954,-0.054221711,0.048132737,-0.031617626,0.003936415,4,572.86,581.48,573.46,580.88,0.495323277,0.049356404,0.039284661,1
2017::124:12:45:38.20,7,-0.275960874,0.254732156,0.028231206,0.017357621,-0.006957771,0.01600268,4,566.43,592.61,567.99,592.12,0.535523086,0.025515469,0.055138537,1
2017::124:12:45:38.40,7,-0.970281857,-0.028086189,-0.575427277,-0.080132435,0.013403094,-0.001175759,4,595.1,558.92,594.03,559.78,0.493097479,0.022751647,0.049042121,1
2017::124:12:45:38.59,7,0.170391237,0.294122143,0.199438459,-0.007844413,0.003894328,0.002834558,4,571.03,585.13,571.63,585.07,0.452403511,0.066915595,0.045671632,1
2017::124:12:45:38.80,7,0.009424674,-0.12846114,-0.097703898,0.002613053,-0.002202623,2.69E-05,4,576.96,577.16,576.37,577.09,0.062483246,0.064590575,0.063745706,1
2017::124:12:45:39.20,7,0.287071641,1.160178426,1.15062374,0.011979731,0.009090025,0.020781555,4,561.25,596.95,560.86,594.71,0.202582827,0.002795769,0.035892734,1
2017::124:12:45:39.30,7,-2.279550965,-0.187180913,0.102650192,-0.02026352,-0.021567425,-0.000363065,4,580.21,580.07,581.34,580.42,0.031812496,0.074720273,0.009117295,1
2017::124:12:45:39.59,7,-0.007424601,-0.329288496,-0.030758921,1.97E-05,-0.001447424,1.55E-05,4,577.31,577.36,576.78,578.27,0.166582133,0.072625354,0.007590666,1
2017::124:12:45:39.70,7,-0.028194932,-0.23566064,-0.460959003,0.06876637,-0.023150893,-0.016248693,4,590.12,560.91,589.58,561.23,0.534917372,0.055580907,0.03620181,1
2017::124:12:45:39.80,7,-0.32631657,-0.465605051,-0.311284766,0.038493592,-0.037378509,-0.006739211,4,596.23,555.47,596.88,555.96,0.385386833,0.02641375,0.009761339,1
2017::124:12:45:40.09,7,0.352252347,0.410702736,1.037891174,-0.015734384,0.036304169,0.016721947,4,552.15,598.99,551.76,597.85,0.345850412,0.03655905,0.022967856,1
2017::124:12:45:40.30,7,0.104089758,-0.858308035,0.000956051,-0.036099383,2.82E-05,-0.008804891,4,585.28,567.96,585.05,568.97,0.436501758,0.011342229,0.022161758,1
2017::124:12:45:40.40,7,-0.254481663,-0.107273351,-0.410344074,-0.027687123,0.007324614,-0.020980201,4,593.44,557.14,592.13,558.59,0.407580537,0.038972344,0.064275694,1
2017::124:12:45:40.70,7,0.076123918,0.240296754,0.676110466,0.008347707,-0.025830975,0.001707252,4,548.13,568.56,548.01,568.27,0.320779942,0.044150512,0.08002402,1
2017::124:12:45:40.80,7,-0.555195548,-0.003091048,-0.106339283,0.002334702,-0.047488632,-0.000354163,4,568.85,552.8,569,552.57,0.544904324,0.04032682,0.086900794,1
2017::124:12:45:41.00,7,0.134171453,-0.025177664,0.027250911,-0.002362172,-0.001433038,0.005407325,4,565.62,575.26,567.13,575.74,0.034640998,0.028751733,0.135110336,1
2017::124:12:45:41.09,7,0.478761873,0.652916187,0.619454683,-0.01111681,0.070135338,0.018511721,4,549.05,596.79,549.5,595.66,0.307662823,0.031081434,0.100927986,1
2017::124:12:45:41.30,7,0.912036899,0.745102982,1.026502814,-0.023554577,0.050349037,0.030498018,4,546.89,600.7,546.73,598.42,0.234383355,0.00682119,0.006938129,1
2017::124:12:45:41.50,7,-0.097075161,-0.019610734,0.088221394,-0.004497641,0.003141669,0.000880807,4,574.54,576.2,572.93,575.86,0.067039571,0.001242546,0.110239579,1
2017::124:12:45:41.80,7,-0.094279679,-0.281156724,-0.616992701,0.036907829,-0.037467792,-0.002672299,4,589.41,579.56,590.59,580.75,0.269691409,0.006692622,0.037489405,1
2017::124:12:45:41.90,7,0.882966068,0.520804956,0.0109899,0.014826653,-0.039075146,0.0137663,4,569.43,598.4,571.08,598.5,0.282527458,0.000700276,0.069997825,1
2017::124:12:45:42.09,7,-0.094871084,-0.33755254,-1.065396618,0.000922714,0.050496151,-0.011931164,4,596.16,559.51,596.31,560.37,0.470035438,0.004930726,0.029504243,1
2017::124:12:45:42.40,7,-0.761957557,0.022581663,-0.288896296,-0.055100548,0.022914227,-0.006342159,4,595.68,560.56,595.9,560.28,0.300130362,-0.003467475,0.043954215,1
2017::124:12:45:42.50,7,-0.061056679,-1.351369312,0.22079713,-0.006818731,-0.021506903,-0.003256915,4,594.52,559.37,593.41,559.46,0.462157236,-0.010984187,0.000876164,1
2017::124:12:45:42.59,7,-0.001481593,0.886793066,0.203437892,-0.056171556,-0.001465044,0.000191549,4,572.01,580.62,571.95,580.18,0.128353321,-0.01753416,0.037448509,1
2017::124:12:45:42.80,7,0.47458018,-0.025317693,0.438194794,-0.046104802,-0.011290067,0.001384331,4,581.11,583.19,580.38,584,0.080978737,-0.000175556,0.001307189,1
2017::124:12:45:42.90,7,0.004046823,-1.281240071,0.067136645,-0.000283456,-0.011164694,-0.000963654,4,587.64,578.78,587.46,579.35,0.031896465,-0.00121616,0.048354562,1
2017::124:12:45:43.00,7,-0.474178722,-0.677882125,-0.546668226,0.008877339,-0.024885149,-0.015325213,4,591.76,567.47,591.46,568.64,0.107556643,-0.025333383,0.005718848,1
2017::124:12:45:43.30,7,0.759540633,-0.120186438,-0.464448212,0.040091346,0.005610449,-0.00376415,4,598.72,584.44,599.34,584.29,0.501663301,-0.006866203,-0.027326882,1
2017::124:12:45:43.59,7,-0.876614546,0.366207117,0.021746115,0.023236074,-0.005637534,0.002655502,4,585.85,598.19,585,598.17,0.526640365,0.063587478,-0.038402626,1
2017::124:12:45:43.70,7,0.426192558,0.795346139,0.235542725,0.045944477,-0.012102594,0.005944585,4,572.75,605.91,573.65,604.84,0.281718929,0.050041005,-0.07433582,1
2017::124:12:45:43.90,7,-0.451978388,0.167145308,-0.070628154,0.013872707,0.001241081,-0.002093409,4,593.48,577.05,594.45,576.46,0.167251829,0.105797634,-0.025110143,1
2017::124:12:45:44.00,7,-1.153966837,0.210328192,-0.046278155,-0.011172103,-0.006950291,-0.007728535,4,590.86,575.1,591.25,574.42,0.063890741,0.040605943,-0.082098157,1
2017::124:12:45:44.10,7,0.031053718,1.288348457,0.064415069,-0.074421896,-0.006466399,0.022725672,4,561.94,599.34,562.78,597.98,0.260869053,0.127712982,-0.004277099,1
2017::124:12:45:44.20,7,-0.004319448,0.773479853,0.001652167,-0.074492688,-0.00248137,0.012671997,4,566.33,595.21,566.4,594.96,0.22260131,0.126597225,-0.026460161,1
2017::124:12:45:44.50,7,-0.018489204,0.091556201,-0.136367456,-0.111735306,0.032457188,-0.001130596,4,598.95,561.29,598.21,563.04,0.107529413,0.119266928,-0.023621708,1
2017::124:12:45:44.70,7,0.012611054,0.257144372,0.536728196,0.060784242,0.012892989,0.007490294,4,564.25,580.9,563.31,579.65,0.502503324,0.031407698,-0.003121126,1
2017::124:12:45:44.80,7,0.005851482,-0.27325095,0.848532968,0.00517232,-0.001005403,0.000255339,4,572.25,573.85,571.6,573.13,0.393604233,0.006619368,-0.012366113,1
2017::124:12:45:45.30,7,-0.242394417,-0.513880995,-0.585579066,-0.06423982,0.026148948,-0.007607013,4,592.08,572.47,592.03,573.42,0.500928085,0.075547515,-0.000299286,1
2017::124:12:45:45.50,7,-0.071564079,-0.083045612,-0.105245701,-0.00568033,0.005938559,-0.014527311,4,588.69,565.67,588.43,566.37,0.079066314,0.097337383,0.015651224,1
2017::124:12:45:45.60,7,-0.412671298,-0.052065206,0.508328725,0.012161773,0.003401695,0.000226492,4,574.39,579.91,573.55,579.49,0.338901621,0.075657151,0.009560873,1
2017::124:12:45:46.00,7,0.027902322,-0.097930598,0.232206924,0.022413922,-0.00612549,0.002959373,4,574.52,579.28,574.56,579.17,0.292219405,0.025330344,0.034563186,1
2017::124:12:45:46.10,7,-0.20955228,-0.977361386,-0.027498838,0.042842244,-0.050478668,-0.000741702,4,594.45,560.55,595.96,561.47,0.373114384,0.071775441,0.001582337,1
2017::124:12:45:46.40,7,-0.315192461,0.030537778,-0.066112222,-0.078391929,0.000372003,-0.003199453,4,579.75,572.88,579.85,572.98,0.125312619,0.059302051,0.010165142,1
2017::124:12:45:46.50,7,1.111400967,0.012138761,0.332205778,-0.006131005,0.007144388,0.018117411,4,553.02,597.45,551.77,596.66,0.50972698,0.025038956,0.02083572,1
2017::124:12:45:46.70,7,0.576285155,0.593092795,0.156272458,-0.015735745,0.00662795,0.005177394,4,575.55,583.31,574.51,583.91,0.144277463,0.001439458,0.004247173,1
2017::124:12:45:46.90,7,-0.774771422,0.181842951,-0.164201237,-0.053591218,0.016943606,-0.000683278,4,580.87,576.2,581.43,574.69,0.069217007,-0.019429802,0.014522366,1
2017::124:12:45:47.00,7,0.279283546,0.214837221,1.046658808,-0.016000516,0.01121444,0.001680803,4,560.56,594.42,560.44,594.28,0.385828449,-0.008739587,0.043309393,1
2017::124:12:45:47.30,7,0.154594317,-1.117449606,0.924785308,-0.004019936,-0.000402763,0.006026548,4,571.49,581.07,569.2,581.58,0.484231377,-0.004704381,0.02056193,1
2017::124:12:45:47.40,7,0.187840821,-0.791709864,0.045779935,0.007068949,-0.05328206,0.004379961,4,574.27,580.13,573.39,580.7,0.324778897,-0.034064042,0.048071437,1
2017::124:12:45:47.60,7,0.238704897,-0.585481514,-0.02568559,0.080493967,-0.032263507,-0.003639206,4,582.4,576.69,583.31,577.19,0.501381362,-2.83E-05,0.039098088,1
2017::124:12:45:47.80,7,0.032776514,-0.365239226,-0.209166641,0.033313076,0.002533935,-0.007976575,4,587.15,570.27,588.17,570.9,0.196149223,-0.156432661,0.062865078,1
2017::124:12:45:48.10,7,-0.214641784,-0.911714444,-1.229821714,-0.0147953,0.042589592,-0.007543586,4,583.85,570.08,582.64,569.43,0.153783124,-0.059467717,0.013624829,1
2017::124:12:45:48.30,7,-0.061726588,0.03187234,0.028794899,-0.027119074,-0.031143506,-0.003423019,4,577.89,570.71,576.45,570.84,0.094769286,-0.041855653,0.031528193,1
2017::124:12:45:48.60,7,-0.711397136,-0.162726441,-0.856730345,-0.018279187,-0.02208181,-0.020875189,4,605.83,562.72,604.04,562.87,0.322936745,-0.199937769,0.037182838,1
2017::124:12:45:48.80,7,0.783631248,-1.307481806,-0.405780973,0.04354239,-0.136160531,0.001339357,4,585.34,587.83,586.55,589.32,0.310526613,-0.179915243,0.010111863,1
2017::124:12:45:48.90,7,0.062330561,-0.282664308,0.187684339,0.072409399,-0.059062653,-0.00127673,4,593.45,580.47,595.05,581.84,0.756479753,-0.197473064,0.022108872,1
2017::124:12:45:49.30,7,0.072809948,-0.04868903,0.082899188,-0.018845771,0.075073504,-0.000402913,4,568.38,566.55,569.46,565.16,0.121410639,-0.01307499,0.010110728,1
2017::124:12:45:49.40,7,0.119123458,-0.02067694,0.094516024,-0.031440507,0.006801136,0.005655776,4,563.36,572.04,563.13,570.45,0.402281563,-0.082429219,0.034437221,1
2017::124:12:45:49.60,7,-0.238241355,-0.664103383,0.040427957,-0.103107349,0.029785135,0.001704288,4,577.35,580.45,575.96,581.36,0.552890318,-0.218136063,0.036637845,1
2017::124:12:45:49.80,7,-0.016515441,-0.397618791,0.862470259,-0.016091873,-0.016881892,0.006827549,4,573.19,592.67,572.32,592.97,0.404775066,-0.208141293,0.001470407,1
2017::124:12:45:50.30,7,-0.003500163,0.209030909,-0.099873055,0.031731165,0.077956923,0.012949925,4,564.68,589.62,564.06,588.41,0.099463475,-0.107321451,0.013317562,1
2017::124:12:45:50.60,7,-0.525712152,-0.811182133,-0.146607573,-0.000305013,-0.051078246,-0.008115541,4,600.64,586.34,601.93,586.69,0.460077567,-0.04183312,-0.014579036,1
2017::124:12:45:50.90,7,-0.077935266,-0.187623579,-0.813851413,-0.017712581,0.005243783,-0.000490942,4,606.97,586.67,606.91,587.64,0.215518021,-0.179075602,-0.035731221,1
2017::124:12:45:51.10,7,0.044950548,0.048706688,0.09813638,0.000860761,0.003163489,0.007445927,4,582.56,596.26,582.67,595.44,0.744645966,-0.199462953,-0.079593838,1
2017::124:12:45:51.20,7,-0.198379394,-0.323632496,0.480115944,0.00064547,0.000162626,-0.008608901,4,597.73,580.17,598.27,580.44,0.55495186,-0.172601117,-0.050667211,1
2017::124:12:45:51.30,7,-0.16020447,-0.143624523,0.239061797,0.010831528,0.023534728,0.00017005,4,584.75,586.24,585.32,586.21,0.548511464,-0.022827348,-0.018681015,1
2017::124:12:45:51.70,7,0.195548748,-0.078963086,0.025099688,-0.005031074,-0.031164952,-0.00696389,4,584.38,570.94,585.47,571.9,0.614754252,-0.162594858,-0.010124364,1
2017::124:12:45:52.00,7,-1.118990276,-0.291471803,-0.287291777,-0.024903678,0.094371984,-0.025904164,4,595.24,556.83,596.17,557.34,0.127012065,-0.101228688,0.000571832,1
2017::124:12:45:52.10,7,0.034634761,-0.294716835,0.588371592,-0.033129564,0.027336921,0.000371819,4,572.64,571.43,570.53,570.99,0.278944755,-0.02633695,0.002084798,1
2017::124:12:45:52.40,7,0.005910575,0.163963033,0.688406392,-0.006912305,-0.005622423,0.020731794,4,549.47,607.34,549.68,605.58,0.490031803,-0.145517331,0.009506022,1
2017::124:12:45:52.50,7,-1.148579699,0.049472831,0.823435015,-0.055826592,-0.053515143,0.000281164,4,582.62,588.55,582.57,588.85,0.015594974,-0.102779556,0.006376361,1
2017::124:12:45:52.60,7,0.180041905,-0.107865485,0.095957324,-0.012606224,-0.037795345,-0.002297068,4,591.82,583.67,591.1,585.13,0.368154507,-0.042548553,0.005337196,1
2017::124:12:45:52.80,7,0.285701078,0.105460024,0.259875393,0.022127241,-0.064405866,0.010070535,4,563.55,601.09,564.42,601.63,0.295154853,-0.030004731,0.01468909,1
2017::124:12:45:52.90,7,-0.453971591,-0.201268387,-0.051760087,0.005009745,-0.034944893,-0.006191783,4,595.86,554.27,594.3,556.05,0.164689588,-0.05811545,0.000901284,1
2017::124:12:45:53.00,7,0.02928214,-0.345623194,-0.035436559,0.036653424,-0.026988796,0.005453331,4,565.84,580.69,567.51,580.54,0.427983115,-0.023626795,0.005346592,1
2017::124:12:45:53.10,7,-0.350448973,0.469731803,0.138203534,0.129673362,0.007388064,0.005680064,4,559.1,583.47,560.8,581.77,0.419740052,-0.034033077,0.056279797,1
2017::124:12:45:53.50,7,-0.1481034,-0.000219209,0.206665361,-0.13540816,0.006521672,-0.005715905,4,563.85,555.14,563.61,555.86,0.394989677,-0.009241475,0.098526527,1
2017::124:12:45:53.90,7,-0.282923814,-1.209229233,0.156915004,0.014665845,-0.041660484,-0.002518001,4,578.81,567.54,579.79,568.21,0.032122938,-0.034565564,0.066360932,1
2017::124:12:45:54.00,7,0.138684355,-0.188219457,0.512827803,0.001474878,-0.005837162,-0.008724762,4,582.7,569.27,582.59,570.34,0.186679519,-0.031480548,0.125304751,1
2017::124:12:45:54.20,7,0.153840724,0.071946482,0.1491018,0.036271807,0.035231527,0.000322346,4,574.98,576.92,574.32,576.82,0.131784457,-0.008473228,0.091445715,1
2017::124:12:45:55.10,7,0.547006279,-0.009535314,-0.107333145,0.030052399,-0.035877573,-0.010120836,4,588.84,568.54,587.72,569.43,0.488492156,-0.025173189,0.008932695,1
2017::124:12:45:55.20,7,-0.174539527,-0.085966878,-0.003928394,0.048262251,-0.063196899,-0.000449271,4,582.85,573.76,583.56,574.03,0.297175166,-0.005028869,0.066983195,1
2017::124:12:45:55.30,7,-0.001211193,0.506719276,0.260763408,0.048800858,-0.005535771,0.001352941,4,568.49,593.37,569.03,592.3,0.232030709,-0.014919845,0.01603727,1
2017::124:12:45:55.50,9,-0.001732954,-0.298189046,0.136180489,-0.025117929,0.002113562,-0.009610637,4,586.59,570.54,587.97,570.81,0.03405294,-0.005720382,0.043656102,1
2017::124:12:45:55.60,9,0.481337704,0.116507182,0.447632907,-0.013616844,0.036837545,0.005281775,4,556.52,573.13,556.12,572.25,0.382310302,-0.007954403,0.089680757,1
2017::124:12:45:55.70,9,0.658400713,0.51452516,0.155154368,-0.010502665,0.054558582,0.001538343,4,561.52,567.95,560.84,567.54,0.38289141,-0.009623792,0.066661482,1
2017::124:12:45:55.80,9,-0.034990163,0.083654892,0.094764202,-0.047826588,0.006872045,-0.006148486,4,575.52,554.51,575.28,555.22,0.391190953,-0.058381388,0.053090812,1
2017::124:12:45:55.90,9,1.820815565,-0.206748516,0.246335068,0.000158845,0.03647388,0.021152903,4,541.64,588.42,541.5,587.4,0.362651664,-0.036757428,0.004530375,1
2017::124:12:45:56.00,9,-0.117144417,-0.066332969,-0.317723177,-0.002458779,-0.029751605,-0.02540683,4,597.9,530.94,597.7,532.91,0.136538575,-0.069351893,0.013470478,1
2017::124:12:45:56.20,9,-0.216116754,-0.159661915,0.345315891,-0.001995327,-0.010906318,-0.001498006,4,581.96,552.51,581.86,553.34,0.183974758,-0.025940101,-0.006740067,1
2017::124:12:45:56.30,9,-0.061666252,0.170133219,0.392938211,-0.02453363,-0.003730758,-0.004580114,4,580.88,554.33,580.78,555,0.473226649,-0.107169334,-0.037052124,1
2017::124:12:45:56.40,9,-0.422411409,-1.053721344,0.288239246,-0.001684886,0.001280132,-0.001864935,4,570.4,566.59,570.36,566.58,0.394598877,-0.069071675,-0.04543479,1
2017::124:12:45:56.50,9,-0.550819688,-0.035426658,-0.286735291,-0.034619337,-0.038033794,-0.020523388,4,602.83,530.95,602.73,532.94,0.157867703,-0.149418268,-0.018133253,1
2017::124:12:45:56.80,9,-0.073390632,0.798891182,2.08172506,0.000129504,0.007839263,0.003786618,4,561.68,580.33,561.71,579.93,0.056490091,-0.093771505,-0.27784786,1
2017::124:12:45:56.90,9,-0.079625199,-0.456519183,0.598451931,-0.000322825,0.000980603,0.000660711,4,571.1,574.41,571.03,574.36,-0.436978741,-0.447633359,-0.657979789,0
2017::124:12:45:57.60,9,0.064219726,0.7184948,0.004550002,0.008933052,0.00633662,0.002083027,4,564.94,574.16,565.05,573.91,-0.156016491,-0.421450809,-0.436259778,0
2017::124:12:45:57.80,9,-0.029042606,-0.295087472,0.715089211,-0.032168754,-0.001978813,-0.013262794,4,586.9,546.85,586.72,548,-0.904515542,-0.430317477,-0.352968706,0
2017::124:12:45:57.90,9,0.37256768,0.67445174,0.622759814,0.017097268,0.01962864,0.02378852,4,537.06,596.16,537.14,594.79,-0.352417844,-0.002421307,-0.995791194,0
2017::124:12:45:58.00,9,0.20519864,0.510084343,0.042952591,0.005191845,0.00068268,0.004720213,4,561.21,571.87,561.31,571.68,-0.159461502,-0.664659411,-0.3649636,0
2017::124:12:45:58.10,9,-0.456546978,-0.214490308,-0.05584112,-0.003721313,-0.002140865,-0.000853234,4,574.03,558.36,573.99,558.68,-0.871876955,-0.256787924,-0.966174492,0
2017::124:12:45:58.30,9,0.094890544,0.310326094,0.431377491,0.000105564,0.000928431,0.003322748,4,557.36,574.55,557.48,574.22,-0.73415489,-0.357849622,-0.777839114,0
